{"InputLayer":{"NeuronList":[{"Bias":0.0,"Value":0.30000000000000004,"ConnectedNeurons":[]}]},"HiddenLayer":[{"NeuronList":[{"Bias":-0.6929331578747058,"Value":0.27213599524067766,"ConnectedNeurons":[{"Weight":-0.9695971412442611,"Neuron":0}]}]}],"OutputLayer":{"NeuronList":[{"Bias":-0.14547710732811925,"Value":0.1054390368137459,"ConnectedNeurons":[{"Weight":0.9234702922047444,"Neuron":0}]},{"Bias":0.2194404663608598,"Value":0.07697923231845727,"ConnectedNeurons":[{"Weight":-0.5229320598407332,"Neuron":0}]}]}}